{"cameraMode":{"drawMode":0,"name":"Shaded","section":"Shading Mode"},"sceneLighting":true,"audioPlay":false,"sceneViewState":{"m_AlwaysRefresh":false,"showFog":true,"showSkybox":true,"showFlares":true,"showImageEffects":true,"showParticleSystems":true,"showVisualEffectGraphs":true,"m_FxEnabled":true},"in2DMode":false,"pivot":{"x":-2.9124743938446047,"y":1.396140694618225,"z":-10.690197944641114},"rotation":{"x":-0.03592367470264435,"y":0.06172644719481468,"z":-0.002222611103206873,"w":-0.9974483251571655},"size":5.459972381591797,"orthographic":true}