{"cameraMode":{"drawMode":0,"name":"Shaded","section":"Shading Mode"},"sceneLighting":true,"audioPlay":false,"sceneViewState":{"m_AlwaysRefresh":false,"showFog":true,"showSkybox":true,"showFlares":true,"showImageEffects":true,"showParticleSystems":true,"showVisualEffectGraphs":true,"m_FxEnabled":true},"in2DMode":false,"pivot":{"x":547.5480346679688,"y":103.18472290039063,"z":129.16238403320313},"rotation":{"x":0.0059982165694236759,"y":-0.025496171787381173,"z":0.00015314025222323835,"w":0.9996623992919922},"size":318.8442687988281,"orthographic":true}